{"_step":0,"epoch":1,"train_loss":0.6496072027087212,"val_loss":0.6110186326503754,"val_accuracy":65.75,"_timestamp":1.729686925369909e+09,"_runtime":302.292799805,"_wandb":{"runtime":302}}